0.11656625506486482, 0.11572907831873029, 0.11352609359270016, 0.1199871851925735, 0.12160958995480484, 0.12145646158226882, 0.11397670101070602, 0.12228697735737558, 0.12084236108696007, 0.12288036897475442, 0.12092411255681002, 0.11930248834323427, 0.12170934754127959, 0.12482098268258159, 0.1227177762125418, 0.11860113269642182, 0.12393061476256188, 0.12472059554158726, 0.1168028042032665, 0.12045009242286657, 0.12663065889850766, 0.12449451827023013, 0.12783959083286434, 0.11097583535238334, 0.11646286215643788, 0.12365197059706237, 0.11992065835146519, 0.11850426835926563, 0.1147330376704057, 0.12299366817812468, 0.11946161637776002, 0.12536353658120902, 0.12708047639144898, 0.11682013149462721, 0.12037677527539553, 0.11540197197765882, 0.11440972007127564, 0.11636579190927, 0.11276546046619634, 0.11929418492222699, 0.12061939843817948, 0.11947192072149186, 0.1166703325216364, 0.12307086182589526, 0.1275038004496375, 0.11837700016730143, 0.11520277049120883, 0.11954043432101977, 0.12525525288757391, 0.12645421571884996, 0.12470623774184926, 0.11591537122982704, 0.12563748397220334, 0.11575496452697563, 0.12448191398452126, 0.11814484429662614, 0.1143409734949567, 0.12157897308466165, 0.11761021154669746, 0.11593986728786489, 0.11660356837539944, 0.12547787544180952, 0.11516959746653417, 0.12211510068377017, 0.11981952553955677, 0.11862487620741345, 0.12518291550921934, 0.11910498616476534, 0.12298201245924152, 0.12028958115430308, 0.11627013301012296, 0.12076878384071317, 0.11604796070560143, 0.1297459605546213, 0.10935834760866181, 0.12868149874031343, 0.11386829204055383, 0.12740249938392426, 0.12294933403727079, 0.11763133683606665, 0.1158384079002521, 0.11937969268067225, 0.1228670115269343, 0.12912742275873396, 0.12166033757066354, 0.11652142939232916, 0.12121817719236365, 0.11751716471309737, 0.1317192813550342, 0.12887499655182003, 0.11991595854879196, 0.125596934436806, 0.11815388492929473, 0.11920007232657681, 0.12264954852718644, 0.12490971065196642, 0.12105058600650064, 0.11911435879687722, 0.1180104987289162, 0.13410796859428586, 0.12432623901640273, 0.11694310120462845, 0.1244045861525965, 0.11922446218404952, 0.12162068583941746, 0.11570499364216517, 0.1273827924254499, 0.12772412992767074, 0.11355420246223298, 0.12569914052542522, 0.11659664069473552, 0.1299960032803077, 0.12032582976724548, 0.12715849574721028, 0.1332867236554349, 0.12556708770788289, 0.11789183699287223, 0.12128771321831715, 0.11680378148820408, 0.11900139728420392, 0.12411430430196325, 0.121566332061342, 0.12042780293596461, 0.13017759578907417, 0.1275228637879891, 0.1260098796895194, 0.1253861940590694, 0.12420338004474837
0.1277468767309149, 0.11733505772207077, 0.1175688664517482, 0.11256689401621024, 0.11652636102207782, 0.1155552827083237, 0.11800884474631686, 0.1175380194663098, 0.1227847221413419, 0.1175820668194331, 0.12030681747144972, 0.12128340764827099, 0.12514780530802386, 0.11980296555481745, 0.11635809054739676, 0.1128554130179292, 0.11702616551818901, 0.12025427771606276, 0.12177342806725205, 0.11878656863314853, 0.11172292307543294, 0.11084896744878153, 0.11687160477316674, 0.12086403574881739, 0.12070305563960582, 0.11771748351573752, 0.11139584267567808, 0.11151709751050058, 0.11881628288783759, 0.11706573708350404, 0.12904929926210978, 0.12479719211722144, 0.12167911767049096, 0.105150981810244, 0.1238651332410886, 0.11769981656165676, 0.11504315760002294, 0.11868779681890088, 0.1204527256039823, 0.11711392619320726, 0.12269998364691015, 0.129426645725218, 0.11957659103397394, 0.12200796262254704, 0.11998561610180493, 0.11948565828344634, 0.11867135181620117, 0.10658240570207207, 0.11740490844185243, 0.11556225759673064, 0.12076502092143801, 0.11632376166031914, 0.12435226007800551, 0.10840062770444876, 0.11962185506198168, 0.11242078081331837, 0.11965834084013911, 0.11868395273042256, 0.11674057273159444, 0.1181141651497906, 0.1164025404009582, 0.10949006818341336, 0.11839929859621261, 0.11169699624810736, 0.1281803537184492, 0.12101582697894657, 0.1079672576881038, 0.11060529271259938, 0.11549440776677704, 0.11714981564792712, 0.10872114054453091, 0.1279982453479847, 0.11053590320095281, 0.12610162959934793, 0.12396132667481759, 0.12422261055387031, 0.11226116314586439, 0.11479428674843174, 0.12146783909275145, 0.11311547549547597, 0.12430020699870611, 0.1180758642623706, 0.11541780409867886, 0.13047658478179894, 0.1328770748040506, 0.12109930041604235, 0.11459435406246789, 0.1171232621847749, 0.14441456517208587, 0.1296462637692673, 0.11025384379646203, 0.11198196890323805, 0.11805474934964433, 0.11896064045566412, 0.12913836155886882, 0.12073598351811496, 0.12829167489908286, 0.12710548650506168, 0.13004326520785878, 0.11826797640849969, 0.11907215798219382, 0.12410489087309381, 0.12469947520174725, 0.11553339231205668, 0.11289012814058352, 0.114105954481896, 0.11323522911456417, 0.11717594085111997, 0.12595824091168278, 0.1084347859760714, 0.12200898874705986, 0.13381182637429406, 0.11928474305429304, 0.11158762059966447, 0.11187226308728976, 0.12239371713454562, 0.11984831124929508, 0.12631795330686826, 0.1258349475001609, 0.12445105787545438, 0.12672213469629193, 0.1262050218893255, 0.1289287451025129, 0.12508915599284134, 0.11475006123207859, 0.13930407607223202, 0.11900365953751992, 0.11705847482672763
0.11258347428461511, 0.10924289906875975, 0.09943498154112217, 0.11291372798015906, 0.1146819789689649, 0.10878689610482792, 0.10430078897046734, 0.1053454395191927, 0.11079665516141982, 0.11396523696089333, 0.11796011830834228, 0.11706725188980904, 0.1050408821754438, 0.10597317455437034, 0.10692682399152958, 0.1108722659336439, 0.10819219993185204, 0.11519523352176701, 0.1139683656284145, 0.10983848229256218, 0.10344425964961311, 0.11199920918839093, 0.1121750956823545, 0.10903378325709234, 0.11919929552224244, 0.11146249142463882, 0.11160589479097256, 0.11144134481057909, 0.10461053631314754, 0.10957172566482402, 0.10451700140249977, 0.10725600707079468, 0.1168345105745029, 0.10838579492074224, 0.10665433483039066, 0.10856704152962922, 0.10674222018726465, 0.11301855254144771, 0.10926626661034726, 0.10049502617854301, 0.11064208158010305, 0.11012616650789639, 0.10950614355910572, 0.11177943139069474, 0.10667616783982965, 0.1117568777132011, 0.1118878115413147, 0.1157360760153828, 0.1090174554486141, 0.11305617695697194, 0.11533923216414996, 0.1070652412082324, 0.10813267855051692, 0.10806699275062115, 0.10683668488180731, 0.11396757983165658, 0.10969800978012728, 0.1081990263189912, 0.12357572653485673, 0.10895419066039465, 0.10956328389334197, 0.1058129334183065, 0.11434858871405844, 0.11673911889639285, 0.10990416362057626, 0.11927352466153082, 0.10246452425091043, 0.10989557283262294, 0.10364243067751552, 0.10405063630645534, 0.10574135283417797, 0.10833747965265544, 0.11071559395859965, 0.112228885394301, 0.12160918442069621, 0.10590604376325702, 0.11213191558331971, 0.111742230959971, 0.11079395787140409, 0.11084520457996014, 0.10992853141720786, 0.11475904055351765, 0.11389675275833691, 0.1091783246259759, 0.10140712243787844, 0.10804774283624495, 0.11049802480919885, 0.1084051100370793, 0.10585820952041106, 0.10543037829439345, 0.11919996404751884, 0.10935565882337762, 0.11542603829528064, 0.11277324992704091, 0.10054074915487357, 0.1096730935740794, 0.11081576465408012, 0.10792708999517892, 0.1168996804581563, 0.11460568235967934, 0.10999925401400154, 0.108126128159737, 0.10806283500714017, 0.1093127241795365, 0.11077507918521076, 0.11318116564301255, 0.11399787154473713, 0.11065262097272305, 0.11040206273952034, 0.11033793081132373, 0.10801266383499278, 0.11259583358441591, 0.10379846811988509, 0.10805788306480928, 0.11371562432109714, 0.11275928003366355, 0.10481663538824554, 0.10971768156587418, 0.11172999146514773, 0.10816925368365793, 0.11554031417357911, 0.11648445570574299, 0.11001215087691579, 0.11733840238245678, 0.10695036849158852, 0.11179978244443294, 0.11026688649441711, 0.11383310929752499
0.11204247634347095, 0.11245813450049792, 0.11329148644320004, 0.11920806416194768, 0.12190609402329898, 0.10671828918931009, 0.11441826609731873, 0.1235458536165268, 0.11434070079310252, 0.12002580669901784, 0.12331615455107119, 0.11891708396958553, 0.11205452948286679, 0.12053422132873139, 0.12642313021097548, 0.1068883027701805, 0.12068065939158991, 0.12712568526462933, 0.11455275500922912, 0.11475079241789582, 0.12022591834760427, 0.11441367582143895, 0.11060372168720321, 0.11819166674108784, 0.11330380204695137, 0.1167416792279903, 0.10743702824768615, 0.10606965779663598, 0.11892963763341403, 0.11385841956986795, 0.10924620920737667, 0.11539927976741769, 0.11754206421175827, 0.1197185107717573, 0.1112261762819466, 0.11511746677113115, 0.11118769104921154, 0.11212462642806426, 0.11108617061871905, 0.11499176909227117, 0.11363815684141758, 0.10996796527181808, 0.1353043907755535, 0.11518233289538529, 0.12348072082924436, 0.11535023770799452, 0.10749785632280784, 0.10464697342968711, 0.11275885414891347, 0.10984538919957858, 0.10738441112138881, 0.11151998644042367, 0.11825327197402709, 0.11236870591875349, 0.11062312249921295, 0.11545672622355055, 0.11628384522176101, 0.11099302378135985, 0.10679145046713914, 0.10196285034548418, 0.1091979574383464, 0.12415410003887091, 0.12630514846617696, 0.10866511964240393, 0.11775291736110342, 0.11594042035633774, 0.11646934465920941, 0.11662706815239207, 0.11880117679750149, 0.1203349052985617, 0.1085551445899016, 0.11760083754587035, 0.10844165562078549, 0.11631530305957949, 0.1069652038458402, 0.11318842913756325, 0.11497728648363092, 0.10763350841274635, 0.11157843997551165, 0.12419921233486281, 0.10667330267848511, 0.11496982339453651, 0.1110197187144816, 0.1154654223716442, 0.1179648553458257, 0.10930992385148663, 0.1134781460827434, 0.12240626516006273, 0.10386696156991815, 0.1241412422503082, 0.1087226805026895, 0.11253362985169575, 0.11048205851853489, 0.12043866968633185, 0.11319581070403703, 0.10281572653896433, 0.128413447464048, 0.10928179049565342, 0.1253914687885859, 0.12228212089074911, 0.11147103794172386, 0.11119243203866425, 0.11168941886292257, 0.11067577120977236, 0.10771556652594919, 0.11269484843953112, 0.10872458294459279, 0.11052993186860775, 0.10976802517314564, 0.10395142188558136, 0.11414020505764824, 0.11267536200412999, 0.10513940337342863, 0.11224119863913798, 0.10826343077542903, 0.11529761957948971, 0.11612875171254389, 0.11317222844706486, 0.12021369814416806, 0.10976292867154398, 0.12141831988337241, 0.12741172033011727, 0.1128726823901107, 0.12712620512061074, 0.12064604778323347, 0.10615244888361144, 0.11441760350172096, 0.10894814380677331
0.12043334153052514, 0.11723818845062978, 0.11008006828666586, 0.10355936889453632, 0.11250535474089073, 0.11560822609031779, 0.11666816595746679, 0.11456827353342983, 0.11632941309033032, 0.10392458483051048, 0.11148833468109266, 0.10968758576360926, 0.10839165698573465, 0.10663920609795514, 0.11346307127984481, 0.11694985343295611, 0.1101126261451132, 0.11614012981775763, 0.10452188891888427, 0.11313556815732556, 0.11058675149775118, 0.11306519427370132, 0.10919242407958576, 0.11368998664842224, 0.11697983159679941, 0.11153828252306394, 0.11681346157014828, 0.1149446888038827, 0.11843958635484607, 0.11915186492797074, 0.1143569792873694, 0.10914126387657726, 0.10651638923015351, 0.1148902954425953, 0.1187202600255912, 0.10797780715903593, 0.11182101975162692, 0.10723065609134984, 0.11813707961983133, 0.11209254108116441, 0.1152141537856414, 0.10607747191028145, 0.1101844037377816, 0.11440909243108655, 0.09988229573370677, 0.10896388993725911, 0.09664460132524196, 0.10265029912552286, 0.10427006286397676, 0.1099917576575759, 0.11318277039558108, 0.11668264220430123, 0.1120244540839379, 0.11161921324863244, 0.12201615975946427, 0.11283766359037774, 0.11123738546515416, 0.11508541600029014, 0.11177952523023342, 0.10894242769229662, 0.11556902731602066, 0.10771858126903883, 0.10892754415775184, 0.10722708869434759, 0.10562807266345133, 0.11150933173564731, 0.1076068284610853, 0.1155400341423674, 0.12010187887408622, 0.11215906705156999, 0.11741158431854525, 0.10965968928266821, 0.12402008923927745, 0.10490935175549984, 0.1077655528132903, 0.10885457908182444, 0.10214166045623979, 0.11404673706277225, 0.11901237968950297, 0.11567578652167558, 0.11581314095526964, 0.10676916795065254, 0.11019206918938665, 0.11645400797066606, 0.12232675019422846, 0.11553459044053224, 0.10826748271654192, 0.11381252061345912, 0.11165930399805084, 0.11461937234753507, 0.11052575755944175, 0.11006680246666077, 0.11392534381068566, 0.11236286163245036, 0.11709928562671416, 0.11272128255807594, 0.11537190125382231, 0.11872290552316324, 0.10789340866283743, 0.11764829757417969, 0.11518100358196891, 0.11649414959317851, 0.11480408583277961, 0.12165567583018073, 0.10794895858795844, 0.11863666301861787, 0.11235643862815968, 0.10824529098712854, 0.12245840376174699, 0.10607413386904148, 0.11662265634992319, 0.11437865005367673, 0.11499394431221606, 0.11235129924429088, 0.11082061527916386, 0.11540546578490664, 0.12005039671064494, 0.12150649307248187, 0.11220171406582699, 0.11181551315009702, 0.12002599592604712, 0.11058869004315279, 0.11513621333577745, 0.12288698377393499, 0.11465803822032519, 0.12377244802417359, 0.1144696806574943, 0.11743498798449052
0.11127964282084114, 0.10724393567868275, 0.1050032564517913, 0.11138544209095241, 0.1184044512584226, 0.11088320436080538, 0.1082240839114847, 0.10059085917867977, 0.10701534846361742, 0.11143965270062979, 0.11797923835977583, 0.11125629919708958, 0.1065628600570756, 0.11485193008620295, 0.11300712991392517, 0.10832944910613468, 0.10519204331574901, 0.11436323785002178, 0.11415396167491353, 0.10535142203852964, 0.11125428251498404, 0.10137512025694613, 0.10928448540383877, 0.11437760677744892, 0.10793892381601587, 0.1112841281688892, 0.10509476974994063, 0.10661135482842143, 0.10644982753950648, 0.10946880622364935, 0.11336840457080322, 0.11048383023552913, 0.10565348525150219, 0.10885891549853961, 0.10805483088538223, 0.1142118354745663, 0.11783910884762994, 0.11088652215148818, 0.10968675426007791, 0.1052649348580764, 0.1060374853604965, 0.10388872004485003, 0.11355890194463444, 0.11523908164317048, 0.10844886425347029, 0.10967466995954706, 0.11757361978686366, 0.12059336490292531, 0.1131363880936399, 0.11286208097905372, 0.10783141787051105, 0.11273645685380097, 0.112626525970542, 0.10846590092959049, 0.10830009187562317, 0.1063590071374142, 0.11193013468472762, 0.10975150382753263, 0.11279050920950104, 0.09752040348125486, 0.1014500962157412, 0.11538740559551687, 0.11580790844388807, 0.11010511912671547, 0.10340293874012478, 0.11029917828464152, 0.11022564817593947, 0.11357435210366036, 0.10822465305447188, 0.10945155752404354, 0.11432434094232799, 0.11169980298312945, 0.11369715854493201, 0.11334290452393624, 0.1117989156563801, 0.1153132144439135, 0.10715401678099434, 0.10964683141213025, 0.10573097474930344, 0.11001469500438138, 0.11087109550374483, 0.10938948372445328, 0.11015175634325401, 0.10590770939240435, 0.10799380224762599, 0.11028404348317765, 0.11907653157852405, 0.11349018775249843, 0.1192304325600485, 0.11139406262384631, 0.11425569126026953, 0.10954287647037672, 0.11283238586179749, 0.10738802123594976, 0.10840983500096055, 0.1050337612806422, 0.11762718604633424, 0.10802597257689256, 0.11204178827607118, 0.11144050683136877, 0.1081674763307549, 0.11472442235766665, 0.10850322463108178, 0.11459756212811194, 0.11371303243387343, 0.10987533999196095, 0.11099123258183548, 0.11235060220388038, 0.11167409837118555, 0.11377261216005226, 0.109118804190866, 0.11689294300527232, 0.10924537674105927, 0.10528560606865212, 0.10886111513267514, 0.11245748288600779, 0.11428745472186042, 0.10463595966540588, 0.11384825875228022, 0.10529606152836628, 0.11020231136168754, 0.10813411391548462, 0.10232341612633013, 0.10975671031429696, 0.1133691721557218, 0.11451363414890244, 0.11018233797025191, 0.10863250751081051
0.11582125969337294, 0.11596439687412807, 0.11777556075388056, 0.1157462852241281, 0.11425629192933429, 0.10995877343699433, 0.11022777068584647, 0.11601262804109952, 0.11989870273044545, 0.12156227242180187, 0.12499441969833684, 0.12229350267640302, 0.11661643214294339, 0.10528768256405836, 0.11754933040640107, 0.10551103267044125, 0.11145517239905338, 0.1087498686780662, 0.1139908401311197, 0.1029489833005168, 0.11899440613630569, 0.11319456965055232, 0.11734621930272157, 0.12030477744117055, 0.12105537739630264, 0.12688353952939532, 0.11370473878471138, 0.11913826227553165, 0.11641241736437219, 0.10338578610931735, 0.10496690602488598, 0.11680452990711006, 0.11133916930957574, 0.12550434477708558, 0.10561299943779881, 0.10288308572634905, 0.12544980238088824, 0.1151241416236931, 0.11798017078907039, 0.12152082569638978, 0.10982286421332574, 0.12169419414638113, 0.11442223991477543, 0.11172252910974699, 0.11969204245197285, 0.104644235825906, 0.11427393391969916, 0.10731057422462732, 0.11249383093115391, 0.11130374053410752, 0.11097168299591707, 0.11109637015652583, 0.11906768119933098, 0.11481101764248008, 0.1307672184472405, 0.10834998305934784, 0.11509858195978695, 0.12080561245532866, 0.12398897606517065, 0.11936384461409273, 0.10315476662243266, 0.10483126764937638, 0.11662039180909958, 0.11155656931757701, 0.10279303783756999, 0.11189604017990909, 0.11243432651459029, 0.11414703195089078, 0.11366261079599328, 0.11540199740246382, 0.12512707692933725, 0.11966916841566905, 0.1165705480351521, 0.1260941351892185, 0.11400897912414652, 0.12682035978311582, 0.12310583907448056, 0.1069444039340263, 0.10192198347566739, 0.12853151334121352, 0.12746152986905449, 0.11182839535043294, 0.12838713628128542, 0.11197640978550255, 0.12300447975669475, 0.12216352023602428, 0.12057775063737043, 0.11715707143475805, 0.11738292818184425, 0.12519385373345154, 0.12439476863737352, 0.12639395783865381, 0.11954935282957081, 0.1163136647899392, 0.1289320382460317, 0.11572080004977182, 0.1283638040373821, 0.12121328675377789, 0.10945100826552556, 0.1281194984390844, 0.12120399197270643, 0.1159156453981906, 0.12945730705440295, 0.1256857826734082, 0.12514098380284797, 0.1211149263310218, 0.11736374462704101, 0.12615829525532118, 0.11690646069099712, 0.11467857313717861, 0.12990284483000566, 0.12430955345145883, 0.11408571931755593, 0.13048836906395617, 0.12405841101492049, 0.12253017400963838, 0.1303165756006562, 0.1352450468375937, 0.12426709880256667, 0.11272676982790128, 0.1309227935834343, 0.12529821332140392, 0.12126267896871426, 0.11929726985598123, 0.12110513210034772, 0.12542914824514595, 0.13870367809031683, 0.132949647988067
0.1018118284276646, 0.12027822512508249, 0.10704072603755896, 0.12300012149791506, 0.11236985708467453, 0.10777760628080968, 0.11966965414177137, 0.12221317122397413, 0.11448430967449623, 0.10511720730130619, 0.11712555535603614, 0.10827703115295252, 0.12242578028738453, 0.12022842292411036, 0.1273886612992837, 0.1060232611954498, 0.12296943943631651, 0.1144913381332258, 0.11501782198261994, 0.11565317284290935, 0.11848484178372429, 0.11267800724757845, 0.1023925650546937, 0.12202342940278142, 0.11189525496005574, 0.11599904245060798, 0.11591520070012831, 0.1095743239748419, 0.1138847204449381, 0.11498079177187903, 0.11219106052268736, 0.11459645638822617, 0.11204618252934787, 0.1188591303298221, 0.11328593657239237, 0.11440887503168051, 0.10263431089419926, 0.11234946326952217, 0.1264513310617433, 0.12378395575980189, 0.10979059258089552, 0.1137910389818303, 0.11313422597863522, 0.10698097409594265, 0.10806179029872767, 0.11765400716411109, 0.11702914154626648, 0.12341228608731364, 0.10491449688911474, 0.11040608468885481, 0.11261945440947475, 0.11248236077954057, 0.11788003541552156, 0.11455921864125956, 0.11418863911441131, 0.12160211044610271, 0.11039492440803783, 0.11616445396768929, 0.12178787787073432, 0.10856990358301549, 0.12196009408003149, 0.12756149653088947, 0.11401650920632804, 0.11358604322727323, 0.10554062890666016, 0.1302576912368701, 0.11643489017719379, 0.12474605418700568, 0.1093553639146983, 0.11042601882129205, 0.12449642507960651, 0.11642290447174908, 0.11741275168875295, 0.12067650210547165, 0.11740289772542238, 0.11163569715850774, 0.11738354284769965, 0.12050978304037405, 0.11617602185173304, 0.137497646925951, 0.12210208047078883, 0.11726832122036433, 0.11944149898391415, 0.11582808789000539, 0.11459677392348361, 0.11191187794797908, 0.12390804988084797, 0.12245718883142036, 0.10944467803899711, 0.12339833678561216, 0.11446144113369895, 0.1115893177134813, 0.11941937403396234, 0.12742356737821647, 0.12392236259579538, 0.11736596864146052, 0.10947631583513585, 0.11876878007502786, 0.10597481173605233, 0.11262017247701747, 0.12277433624842098, 0.11907544569711183, 0.11987037845127234, 0.12425836184490498, 0.11789404726366574, 0.11796495459702479, 0.10888594308333226, 0.11842858516063536, 0.11915570060379517, 0.11256389370321501, 0.12437673106767062, 0.12159281985206649, 0.11558966560561341, 0.1132041419585854, 0.1114117728131018, 0.12799726189116345, 0.1076245482275989, 0.12366115495870753, 0.10828327457811038, 0.12315131930999189, 0.12231861121273178, 0.11976307966374745, 0.11672553912573182, 0.12351779897286412, 0.11168836065857918, 0.11169749754395908, 0.11488940730847329, 0.10392483474694846
0.11534791281585333, 0.12192054231641253, 0.11850600491019711, 0.11617363278506532, 0.11447987642692475, 0.11843693016608707, 0.12041670868094763, 0.11162733976072027, 0.11499216605735875, 0.12099404778135157, 0.12334098500132845, 0.11468585162402055, 0.12040963221170647, 0.12259023719040706, 0.11765501532140354, 0.11771960886266532, 0.11889815999761787, 0.12752687834471282, 0.11938691333141883, 0.12693733937131454, 0.11930459185772756, 0.12243471054298691, 0.11702168093063699, 0.12494774974343618, 0.12325650027368071, 0.12134261572727595, 0.12452956015333501, 0.13358188524731554, 0.1300636874972261, 0.11521794930290384, 0.1143890322404624, 0.11590656816708547, 0.12372508337433387, 0.11041647905740089, 0.11817927061497319, 0.11926576317808871, 0.12572328353324078, 0.11371580389762433, 0.11008853783634516, 0.12544845055676737, 0.11309753006833823, 0.11032703552117899, 0.11263450770597642, 0.11230445392786344, 0.11446576907599453, 0.11779257075988375, 0.12242845044528267, 0.1327156098632169, 0.11864799079046523, 0.11881110376562908, 0.11604233407228806, 0.11494189786622877, 0.1268974016592053, 0.1273512496036942, 0.11634878497663047, 0.11758624710766087, 0.12065311652504943, 0.1181277643680903, 0.11698178633269408, 0.1199082975773481, 0.12254068191506144, 0.11861259109253738, 0.11971817174158643, 0.11807692405242187, 0.11934124286135217, 0.12026385915152393, 0.12418789941776293, 0.1339114003228727, 0.12288770233088125, 0.10863833616289219, 0.12305918836078292, 0.11574862828456316, 0.11462604119770851, 0.11700987041947161, 0.12736726909149582, 0.11751304635789414, 0.12525938552150828, 0.11293792837579945, 0.11250763932485021, 0.12174456643947493, 0.11884467963526955, 0.1320362363517394, 0.12038898220626351, 0.12150045056101666, 0.12670090054057648, 0.12203661682363362, 0.11579421571044145, 0.11913068749708096, 0.11828407128665758, 0.12892546572243305, 0.12208237827618545, 0.1133828435017044, 0.12251268045503208, 0.11522415062774506, 0.12236237962292267, 0.11454976684221578, 0.12947050775266966, 0.12148358783274509, 0.1175613752266136, 0.11613774435917483, 0.11772763718424746, 0.12132922456065963, 0.11874914631864192, 0.12309095721822713, 0.1183648432918421, 0.12642932721757358, 0.11652363669825608, 0.1148369860768639, 0.13136659535135203, 0.12442893294694864, 0.12005199190158927, 0.12274308924015837, 0.11807463979373312, 0.12752090302246716, 0.12251344157249287, 0.130375845660158, 0.11631667758432249, 0.12043996456198618, 0.1268694390237103, 0.12065658235719062, 0.1311009342469579, 0.11937497272433366, 0.12618728377029897, 0.11774735554520532, 0.11295359848717952, 0.13533871377710904, 0.11389351901749814, 0.12085101545248551
0.1144061934024769, 0.1283491947233218, 0.11877744461583147, 0.11931615438705973, 0.12186366872849971, 0.13316245055968132, 0.13675628728012218, 0.11637251720185351, 0.1325814259021269, 0.1195779237574537, 0.12393674787756809, 0.1269905908893277, 0.12544224795995418, 0.13319575015889423, 0.12382343998054131, 0.12351120106142033, 0.12472408057187755, 0.12392874828515603, 0.12001154689913203, 0.12203882943010096, 0.12042121456620661, 0.13043663951848822, 0.11590083129479717, 0.1161528449088996, 0.12470852411617875, 0.11746052723416077, 0.1212568857168829, 0.11342923165924762, 0.12281214856089909, 0.1220162581338007, 0.12167290114950909, 0.12151198291701805, 0.11113705022057495, 0.11138775042158439, 0.11915526361186257, 0.13329411643609138, 0.12467660777469525, 0.12620442797254378, 0.12883613742641428, 0.11322740054486226, 0.11494350069240752, 0.12481159454302718, 0.1321663879173228, 0.13220149385087113, 0.12274724258272221, 0.1217176407030378, 0.13741588850713898, 0.12351728307741185, 0.12484714242966143, 0.12103424921941316, 0.1123878685849785, 0.13050042339672296, 0.11708816065079326, 0.13307933015011447, 0.11923892617438221, 0.12290371761220485, 0.12989703216386178, 0.1261744025986212, 0.12154068781055029, 0.11894194740666951, 0.1284477780971086, 0.11846971539033627, 0.12494123754602461, 0.12286249909806557, 0.13329708114712874, 0.12012190638148847, 0.11559608623943622, 0.1239039412260528, 0.12266115613671459, 0.12603468556042988, 0.12097731589644997, 0.12956907749687147, 0.11937807680160353, 0.13767320776659467, 0.13035267086727878, 0.1218962409131356, 0.11665030851150786, 0.1308403933913715, 0.12736615119232067, 0.12115752096906798, 0.12162182133555298, 0.1277864542926783, 0.1147221537975929, 0.13022872577447328, 0.12088533821689414, 0.12597365358645257, 0.12698802918082874, 0.11571231547663294, 0.12600959050962074, 0.12079961489767199, 0.1268345973180503, 0.11565769035850135, 0.11652300360420816, 0.1283227136248107, 0.1261066275589661, 0.13084092417172205, 0.12903881827785516, 0.1243999683311977, 0.12015274634111872, 0.11709873688530045, 0.1257143136579762, 0.13053757496442175, 0.12389859715589127, 0.12299390284735172, 0.12732041610665315, 0.12618766744906482, 0.12579601854153138, 0.1099010511027207, 0.1208850844742891, 0.11584832191806019, 0.1076488446013484, 0.13189205262422915, 0.12243032524723979, 0.13701820941292017, 0.12035525292890763, 0.12711822076842488, 0.12275993490854327, 0.12196001369297989, 0.1330290873952765, 0.13515829087381317, 0.1279795354463768, 0.12776948149894773, 0.1117708722141949, 0.12590474766502968, 0.12480424648760553, 0.12439291073997746, 0.11546231836565667, 0.12431064386139254
0.1169121582035836, 0.1180144321964817, 0.1054438445871386, 0.10523522056054964, 0.10033332675098272, 0.10803813665694452, 0.10721004262650609, 0.10954269922685028, 0.10779185193258667, 0.10757123582683524, 0.09636488594956667, 0.10558977773957283, 0.10787546580140883, 0.1133186138765309, 0.10293494956940762, 0.11702580411082764, 0.10856806312206253, 0.10205831459745913, 0.1042001438991175, 0.10886662733152587, 0.10322623824852031, 0.10813197680994441, 0.10732695600136717, 0.10367801856014762, 0.10638684647557552, 0.11363996378606227, 0.10786374348510125, 0.10726187602280411, 0.10587257921377718, 0.1081715236679678, 0.10578024879093297, 0.11091063171377263, 0.11003920641145326, 0.10801682277673874, 0.10577825351944446, 0.10858879951783768, 0.10141781828229712, 0.10918365739829723, 0.1054134275938828, 0.10592104970532094, 0.11493055636733014, 0.10780328899903432, 0.10741387056577592, 0.10766393039657321, 0.10229497450041364, 0.11309230895357293, 0.11317553797612998, 0.1083684107999247, 0.11944212091146927, 0.11624829170519002, 0.10449177296509926, 0.11057685141941014, 0.10471240085641127, 0.11033037863393212, 0.11299848120418114, 0.09928787966281033, 0.09746049367370943, 0.11135414259649627, 0.10913672737943919, 0.10268952649537402, 0.11223941879908228, 0.1055654474550139, 0.11126974349201417, 0.10611571967877342, 0.10840634799976709, 0.10163289688260901, 0.10960612825195505, 0.10317705953139211, 0.106790614465285, 0.10478275575393278, 0.10495186374559864, 0.10634561509090917, 0.10955828330513889, 0.10817861281977777, 0.10345996050256757, 0.11017569194205562, 0.11068630389631896, 0.10733240245224217, 0.11650413500408449, 0.1108330274802877, 0.10149399666604016, 0.11461954624749346, 0.10628853606450592, 0.10090965993829597, 0.10616383746956232, 0.10534824970950538, 0.10327969839542861, 0.1071151258419084, 0.11249920231427707, 0.112739629784185, 0.10614727114375093, 0.10664172666239571, 0.111270586748796, 0.11259112859041101, 0.10226735267689098, 0.11526286774091801, 0.11030156023856388, 0.11221294377542501, 0.10382873091850087, 0.1063628079144767, 0.11371654237342031, 0.10721772862199233, 0.10673954846349415, 0.10396884314893233, 0.10138289042526392, 0.105146815503546, 0.10788955909231532, 0.1158679727846079, 0.10493913766036211, 0.1111023735988039, 0.10443728726989839, 0.10817420505678564, 0.10362603897327313, 0.11589825195220105, 0.09762107918117192, 0.11222724267644564, 0.10483518103225554, 0.10647498110483995, 0.10924326296899424, 0.10541908767035557, 0.11560618686317017, 0.1051513348755405, 0.11186115361208657, 0.11176674166345807, 0.11126583441496787, 0.11207412787113563, 0.10859853085332101, 0.11114140258356797
0.1121784000593465, 0.125275357937304, 0.1100495489292736, 0.1156246698758229, 0.10887185849753203, 0.11641158377490439, 0.10911165802940082, 0.10805340462715429, 0.10874206815637777, 0.11334213761807961, 0.10786854686660535, 0.10830043334068822, 0.1103071903403795, 0.10908828557608441, 0.1181756999836, 0.11317932181623096, 0.10784698315938633, 0.10586139021951547, 0.11156728767716581, 0.12298035161381625, 0.11821279384898686, 0.10518458523666285, 0.12076154197307454, 0.11843301824297171, 0.1289435663957706, 0.11008273510947603, 0.1187698509203126, 0.11399055168379585, 0.12604001376953292, 0.11144988178264756, 0.11107998498600366, 0.12623212197864103, 0.11201863419462268, 0.11956134248618355, 0.11693759876619914, 0.11128221270257949, 0.106275892079391, 0.1178442652179009, 0.11039178854960728, 0.11614295780451124, 0.1127350789350078, 0.10678007808166824, 0.11665852074541708, 0.1110001608780167, 0.11106025294089514, 0.12652820129852196, 0.11507893240510085, 0.10564133074329342, 0.11156924263158399, 0.10561684532962924, 0.11299425333873148, 0.11849974227386481, 0.12056172755716789, 0.11754809305728942, 0.11701368441216733, 0.11116237855884456, 0.12085173291683307, 0.10795780355650898, 0.10845956836942776, 0.10930883079733765, 0.11341771821838542, 0.1095968273753293, 0.09752480298784122, 0.11034481692079531, 0.11664232313301723, 0.1156504579212944, 0.11464911521632803, 0.1242034880685319, 0.10182202788267054, 0.13318791113439593, 0.12220297853026874, 0.12609317400605044, 0.11351352320108157, 0.11696784378052999, 0.11600490640993757, 0.11603205568729608, 0.1110252988022698, 0.11768589176442347, 0.11115690493378744, 0.11218049860240481, 0.11083128471450795, 0.11006314157268617, 0.11460503043981843, 0.1183470712593621, 0.11143560896092658, 0.11438919176938186, 0.12904768373701442, 0.11245602454619531, 0.11231942164735034, 0.12742289801542425, 0.11255734007820337, 0.11767658295128805, 0.1125660531438605, 0.12323466553054954, 0.11930756924440392, 0.11278126900824423, 0.12814117130957017, 0.1149391844627491, 0.11653143191272283, 0.13064002789942655, 0.1183024962148902, 0.11797919303120705, 0.1318125247526857, 0.11420685341867683, 0.12257112267769957, 0.11340974371002341, 0.11207050019494502, 0.11759804438073186, 0.10866539798171067, 0.11789819993146915, 0.1062850603586599, 0.11823626971968268, 0.12000106871651153, 0.12151319963297179, 0.1185705914368449, 0.11897183348409864, 0.12323081840823497, 0.11726206241244201, 0.11810132974429621, 0.13163213671682397, 0.1117314613178192, 0.129268995063313, 0.11320196095205123, 0.11318549263802688, 0.12003303432893864, 0.11499701025403676, 0.11787050667163862, 0.11591026350854905
0.11851755932104659, 0.12075648541109334, 0.11181271449662848, 0.11466237708026622, 0.1088056936005651, 0.12131998658720951, 0.13400771484792376, 0.127965233820023, 0.1209975410904291, 0.1192083319417288, 0.13272204800200968, 0.1166773764182005, 0.11241617727070821, 0.10763071341351892, 0.13001584722370976, 0.11991015458539185, 0.11785843773847546, 0.13209955164871467, 0.11987785878941433, 0.11074384412823633, 0.12200560091379728, 0.11921938354056877, 0.11400353086746118, 0.11959739466685126, 0.12075066264430333, 0.11691652363196017, 0.10021106255766889, 0.1085559565194943, 0.1161165265408641, 0.10182674677218526, 0.12053589101032354, 0.12809249212309368, 0.10381919669460242, 0.11918449576999304, 0.10370878285344606, 0.11062906353700157, 0.11983742054270215, 0.11839136098782525, 0.11280462055385672, 0.116512293938057, 0.1149237184730406, 0.1162290651339244, 0.11547258170981135, 0.1168783324210921, 0.10719538943819133, 0.11125902816475838, 0.11991778118741994, 0.10514103239784063, 0.11884426432228733, 0.1384559699646449, 0.11580735825958248, 0.13291030696163225, 0.12060045516377167, 0.11225359457289139, 0.12194433928298556, 0.13222516448865818, 0.12358134542878058, 0.1135439326493076, 0.12272572817447325, 0.11286363495237742, 0.11590231249298033, 0.11239658423466029, 0.11209929237025236, 0.11805451789573067, 0.12346825565022491, 0.12412652285240434, 0.12389912548999542, 0.1268609867821073, 0.12599709166683692, 0.113995527962226, 0.11431788769961254, 0.1371854114093635, 0.11966670131171471, 0.1023956128745813, 0.11846097490792437, 0.12984878234338132, 0.10900351848681147, 0.11754273712302792, 0.10925423667190559, 0.12543027864294612, 0.11977332182405012, 0.1290843084245283, 0.13128661654904722, 0.1191940568411278, 0.11915661237171277, 0.12558503506072644, 0.12368740680554828, 0.12695900382308672, 0.10307884446489458, 0.12774283181327034, 0.12188181836258251, 0.1276365872935723, 0.12966132870189515, 0.11508827542235738, 0.12973159563634046, 0.10958932545053846, 0.12417368119432684, 0.13265725102676268, 0.12239643677626637, 0.12595217000334463, 0.10561894189036673, 0.1304059412920145, 0.11910656321808666, 0.12585097193200553, 0.11321374346636472, 0.12180513049006514, 0.1119746188801436, 0.12090658175163926, 0.11345620342040279, 0.11902867898378884, 0.12853816368336213, 0.1326085662709372, 0.11089848834174165, 0.12542257314138558, 0.12617563977253152, 0.13688000898974662, 0.13979257989671676, 0.12317171095412136, 0.12385131977471432, 0.13363219195651788, 0.11944913500208794, 0.11804056010505848, 0.12226122046545476, 0.1512267329714027, 0.12722254607515918, 0.11508986142751376, 0.11945255931510314, 0.11809155168832206
0.11976176075289521, 0.1239338407843931, 0.12207365504583417, 0.12787177882003933, 0.11683859442196014, 0.12820899776432135, 0.12374253297828972, 0.12695846842942704, 0.12047300933257929, 0.1190457221999129, 0.1278734398395505, 0.12004703351020192, 0.12662047401974666, 0.12678409368990273, 0.11684926301972778, 0.11572073889589306, 0.12502544588206663, 0.11801832572932207, 0.12249149287111995, 0.1199168387347533, 0.12296875511690185, 0.12749203466554695, 0.1213744525394847, 0.12865293407237283, 0.1301270618759978, 0.11925334013791491, 0.1289813819437323, 0.13465311645406106, 0.1183222408735253, 0.11962274458601081, 0.1306227698833567, 0.11964934055688968, 0.12628427805127368, 0.1178809899985634, 0.12569787745891728, 0.11859916031141916, 0.12413268870863285, 0.11792300097674305, 0.12406481407084322, 0.1220315252440559, 0.12090046331863362, 0.11448093391669961, 0.13045079325082495, 0.1221599964515042, 0.13237307891577313, 0.11977272775314642, 0.11487188389060982, 0.1227477625065497, 0.11690578167262987, 0.11014277481035929, 0.12978858852919864, 0.11800779353769551, 0.11842221586925207, 0.12523665223620148, 0.11960777789230777, 0.12009256411226044, 0.12168367839853211, 0.12957944316546724, 0.12942325144108408, 0.1304985692578548, 0.11992349113109582, 0.1254179402668778, 0.12206403163775942, 0.11994449175351135, 0.12611630934082096, 0.12273894780026613, 0.13149975361602467, 0.1224084938307181, 0.12038388875315358, 0.12581149183952275, 0.12510667522623928, 0.12307662068546621, 0.12206218901668293, 0.12499289876231197, 0.12277128997118623, 0.1285774125905543, 0.12926880867546867, 0.12943646426161973, 0.13559219899352595, 0.13107935635010579, 0.12816522908962114, 0.11843570207373348, 0.13060775843781663, 0.11993627058430076, 0.12571346579068662, 0.12870178137635413, 0.1185601734584266, 0.13700788028351682, 0.12739181580764186, 0.1220758626956019, 0.12922004592128922, 0.11777793162750057, 0.12582578741988398, 0.12939133892687094, 0.12314468663405889, 0.1251803875213083, 0.12037554922096562, 0.13548881713499403, 0.12613575307663794, 0.1191765909308985, 0.12752043060786586, 0.1273162203712821, 0.1315358290396029, 0.13829837757979735, 0.12937653763348192, 0.12331016936811555, 0.11353302310906165, 0.11828242280962922, 0.12220484141467253, 0.12370197968630206, 0.12131946364751417, 0.12599099940866007, 0.12346503774826458, 0.12282375656637612, 0.13183646403368202, 0.12063027755850075, 0.13165115279677111, 0.13023902106382826, 0.12752414169569998, 0.1326069892695249, 0.1291866576257067, 0.12882336971529681, 0.12353233139443305, 0.13064366354686116, 0.12395652169748635, 0.12499167958634708, 0.13133610482454247, 0.12317515548371111
0.10925049797302962, 0.11258239269046731, 0.11497623553246429, 0.10393681855539509, 0.11100115787900203, 0.10827751671365544, 0.11549461597375747, 0.1075038015642359, 0.11550269480550822, 0.10563897362644416, 0.11163526827372773, 0.1148103924400542, 0.1161981387341935, 0.10324433523328613, 0.11122539222394548, 0.10991000733151368, 0.11114181563036941, 0.12331290856402899, 0.10553701998519908, 0.11153787195025171, 0.11406178262336798, 0.10780833398715299, 0.112082786670931, 0.11481552431934228, 0.1073993690269319, 0.10386139048685486, 0.10711490328450922, 0.11469485658359971, 0.10767783348429427, 0.10118540629337948, 0.1251039448001924, 0.1110149712028811, 0.1091197954146708, 0.11233221775569595, 0.11297000412016558, 0.11911461643821052, 0.11180842096703887, 0.10473583476280811, 0.11026109519433826, 0.10863690995054266, 0.1154159321425434, 0.10504937378421401, 0.11603606387588859, 0.1112394279129431, 0.11543876006195533, 0.10122503038014208, 0.11115775642965314, 0.10515818540855737, 0.12127525247165195, 0.10773376795118283, 0.11662474077917172, 0.1118958847009451, 0.11285459311305729, 0.11046180939067769, 0.11590405894630122, 0.11155300505588171, 0.11696685480432008, 0.11120267378418926, 0.12152394704190463, 0.10373742122696508, 0.10706691767352758, 0.09994952666145618, 0.11924596896448032, 0.1272724671114098, 0.12060071128865031, 0.10865452309377086, 0.11681340322340227, 0.11555333282124135, 0.11152148589488244, 0.10518659580814532, 0.10086381665890583, 0.11019248960784025, 0.10779189070204859, 0.11171208310461445, 0.10566266378463651, 0.10876135750073929, 0.11457735281481313, 0.11254547855944473, 0.11919086877767995, 0.11173941817906068, 0.10485021077528513, 0.11631999613952879, 0.11617742263796303, 0.11855102189794532, 0.11056003181935087, 0.10789781045465204, 0.11985720034822646, 0.10747987905906996, 0.10046954705411697, 0.11208040946213212, 0.10792964959081468, 0.11710266750722817, 0.10937080831207172, 0.1266880586547112, 0.1224323402054315, 0.12689799076867567, 0.10805838335358751, 0.10816748036249514, 0.10608261868782892, 0.11871380306898481, 0.1180429004888009, 0.11302834696616648, 0.10698580250967074, 0.11506185483234704, 0.12401589842229213, 0.1168433707611439, 0.1320512449546106, 0.1180110602111479, 0.12103453380603936, 0.12123650675647431, 0.12278882405084958, 0.11192655510573464, 0.12097558557140192, 0.10633730206934687, 0.11278715106539705, 0.11621967189628435, 0.10846621151498638, 0.11685757784842454, 0.11352342837925461, 0.10865150015210277, 0.1142617040655893, 0.11603994354856874, 0.11915113521026406, 0.12508130137886408, 0.11512380620100714, 0.1261570233844421, 0.1231907717832681, 0.1091879582947527
0.12109427209430952, 0.1217059028741536, 0.11337718163963506, 0.12510367802141947, 0.12490462945517425, 0.11913628536207918, 0.12022130984595178, 0.11420493036232411, 0.12041579987590242, 0.1157784796771176, 0.11617042875701594, 0.12096321263346026, 0.12345789517894964, 0.10759700139977978, 0.12659424638332922, 0.1216302375045023, 0.12909695746206706, 0.12646776228517884, 0.12616236772958642, 0.12076638881231662, 0.1315177886852316, 0.11698658044105624, 0.13076235180320328, 0.12212294671909847, 0.1197432310812522, 0.12482761598844816, 0.11985909727447354, 0.1202855268052587, 0.10984260364994337, 0.10862989359755898, 0.120795955035081, 0.11523286884518447, 0.12759407083170707, 0.11353499951052863, 0.1278223822010422, 0.12996556519712366, 0.11518722057915533, 0.12720210861291859, 0.1139182492833845, 0.12324295330846073, 0.12100251299950465, 0.11804481124321664, 0.12509957200952407, 0.11700338723648919, 0.12280792520371184, 0.1135416763142207, 0.1179297890315462, 0.11517092428261932, 0.12029439065630562, 0.10991471970084397, 0.1238382322639239, 0.11036318144389407, 0.11670563963872635, 0.11494101510789467, 0.10928901869787042, 0.11513555062284396, 0.11224888956384621, 0.11341856668014413, 0.1292232678105372, 0.11918234667476615, 0.11552526540529652, 0.12293628704458032, 0.118505552230183, 0.11816137834559305, 0.12189494326452725, 0.11784535854796344, 0.11636109620803688, 0.12381950379429824, 0.11714295547978855, 0.11665567460464887, 0.11516352627438073, 0.12296488485200509, 0.11165661710025562, 0.12552086408350305, 0.1221791953315018, 0.13264186766668323, 0.11787440727398489, 0.12407658374234573, 0.11895881510394615, 0.12957885407692937, 0.13110098367602643, 0.12767457963178674, 0.13414220444075625, 0.12513272623047916, 0.11914872791897438, 0.11081883798929183, 0.11664811632983715, 0.11925263027901378, 0.12279958828838597, 0.12273657440472648, 0.1276184958101548, 0.13128477134952288, 0.1213009482201779, 0.1269144938809155, 0.12001137914093404, 0.12463784710138189, 0.12596245865252798, 0.12942855776716022, 0.12161063825445621, 0.1334533262549403, 0.11647806445742716, 0.12374716712439904, 0.13077583252183858, 0.11952090716075771, 0.13174363683205917, 0.1254342570569272, 0.1238721849770688, 0.13395933119569836, 0.11803589657250317, 0.13124494281955357, 0.11679163982136499, 0.1182224449547679, 0.1221747494979631, 0.12915968551868312, 0.12053677492018666, 0.12413502324546817, 0.12230152236233517, 0.12990945233305554, 0.1317806272489967, 0.1264981817329998, 0.12275571922086238, 0.12144865654975881, 0.1184078335826372, 0.12941119068248003, 0.12734876488068658, 0.1387916918828568, 0.12146221411096975, 0.11836044105970307
0.11394786390430697, 0.10793325393284998, 0.11215915390416473, 0.11605946891479992, 0.11368897938573433, 0.10875111471405857, 0.11535640109997665, 0.11792519677568186, 0.11078395129481154, 0.11284739778596892, 0.11500404242947242, 0.10783920067490743, 0.11245883653421561, 0.11393675146361633, 0.10897823139075556, 0.10941783349939975, 0.11126732306517637, 0.12037764994560259, 0.10403892324698984, 0.12187918388900526, 0.11750398011481344, 0.1195580781208994, 0.12225464297173712, 0.11896544819751698, 0.11863121987870794, 0.11556348702952829, 0.11409156711757829, 0.11639181000936853, 0.1094496962039024, 0.12017960261017276, 0.12136868172092137, 0.11438542735730256, 0.11223250516858084, 0.10379090278775822, 0.11473407471822238, 0.10651657800279127, 0.1046105002061104, 0.11417997430751935, 0.12231946072376715, 0.10784849289025364, 0.1164543513171107, 0.10779678934360194, 0.12052582791659308, 0.11756919359040241, 0.10753632866165529, 0.11919586444028883, 0.10687879497879141, 0.1129193783011757, 0.1110963499658018, 0.11011097979561646, 0.11301874993374224, 0.12708793144258654, 0.12315841022370451, 0.11631048594500294, 0.11154832882387317, 0.11103907436810134, 0.10851100041488337, 0.11772711966781003, 0.1162539481436684, 0.11997908975409254, 0.1119864304199681, 0.10610714520277975, 0.11470941779432121, 0.12064247999244891, 0.1166696997314323, 0.11601724824016199, 0.11795436178159097, 0.11138741555301476, 0.11950215666236774, 0.1179088907988757, 0.1139980186606056, 0.12596702626077916, 0.11585002554030141, 0.12849255692765177, 0.10457449031962465, 0.12115850759343864, 0.11861593377109406, 0.10656777856625733, 0.12855339128659948, 0.11675187613433298, 0.11578357832628637, 0.11693751216534265, 0.11049188794439795, 0.10604835787971546, 0.11103661335914501, 0.11803241879861125, 0.11593546088132459, 0.11071189220815271, 0.11009370685508545, 0.11668769414469538, 0.11535407041898632, 0.11510910455831738, 0.11139052943744736, 0.1182000087650328, 0.11025413917649737, 0.12270139882883535, 0.11283869554524584, 0.1237068976850167, 0.1213122493686248, 0.12070881939673772, 0.12045229995851646, 0.12557435574616407, 0.1124825772259188, 0.1094634554488241, 0.12029984271613622, 0.11194988730576842, 0.10604406869081968, 0.12439234623950296, 0.1164835067868777, 0.11696586257374328, 0.12332103656017013, 0.12084026591464953, 0.12198354354213659, 0.11105926173191258, 0.11964647031679616, 0.1209124667777235, 0.1105139788195027, 0.11544524172520634, 0.1118840634128735, 0.1261627489161684, 0.12117361359252053, 0.11875395180712126, 0.11190011121595306, 0.12532693369619927, 0.11250348954758745, 0.11015531813295475, 0.11746839748915254, 0.12188002504996026
0.11217868721977133, 0.1152754268409131, 0.1205085445632323, 0.11780781273044413, 0.13784026391526585, 0.10364152482611255, 0.11104028111532037, 0.10733167489253631, 0.12293209668913357, 0.11041797397489553, 0.1093751878729278, 0.11196156361368986, 0.11399326162466931, 0.11489841573723805, 0.12065597395955147, 0.11782137815118425, 0.10623500899862282, 0.11912166605549927, 0.12268867384538673, 0.12208192584352862, 0.1211188110090581, 0.11761761354295859, 0.11584506112953491, 0.11131528005452809, 0.10549422825318251, 0.107322334039805, 0.1150485078976622, 0.09958117628981115, 0.12061558835994617, 0.11882354083173147, 0.10339326306968395, 0.11174091420450036, 0.12893057980880174, 0.1182884716472377, 0.11901789359657756, 0.1275202018477126, 0.12484013647616846, 0.11441629504756468, 0.10322005026959553, 0.11150391015934936, 0.11534333654022756, 0.10767648547438956, 0.12576073353938716, 0.11038674950518894, 0.11365805056991668, 0.11785884115473275, 0.12004271669921886, 0.1228483041842473, 0.11407740346448372, 0.11656572378611467, 0.11460737717145204, 0.11135616810490792, 0.11979615314424186, 0.11511397815340836, 0.1345456144759349, 0.12244082264532194, 0.1098360120656644, 0.11921035365864809, 0.11536942024538935, 0.11247883011140172, 0.14829260053685897, 0.10501394281647658, 0.12120965862944473, 0.12813998967815468, 0.11803600306807671, 0.12188014321601669, 0.11977374442174021, 0.11083792968819563, 0.12953366210627432, 0.1098990801310727, 0.12902442198352404, 0.11265636700537886, 0.15116708443465227, 0.11583115977217288, 0.11316970141953596, 0.11213498472125426, 0.1132153814317773, 0.11197524392884575, 0.11256165061062519, 0.1203357620513264, 0.11533698815563022, 0.11551531499952256, 0.11532027259611105, 0.119843942891212, 0.11468947750923761, 0.11204507236513124, 0.10424388265693277, 0.11972254593060612, 0.12224846454352652, 0.12658097003973537, 0.11291157150002079, 0.12975131337722334, 0.1185489963080587, 0.11177709396687306, 0.11416023985596517, 0.12158632854229834, 0.11010409371821257, 0.12021389323855086, 0.11738453855380886, 0.12305469035531655, 0.12318837194879978, 0.1176176930714368, 0.12257896917464702, 0.11170806827668857, 0.13699119098495283, 0.12315426219116213, 0.11756382294716042, 0.11321334899606246, 0.10943427225759396, 0.11947512554192764, 0.12267521336267088, 0.13072412653348867, 0.13710345686916112, 0.11294018867471049, 0.11794488817750405, 0.11860583666553953, 0.11978531007813524, 0.1338084781203621, 0.13617473090168608, 0.11126506530586987, 0.12705437486826382, 0.1264928169290477, 0.12738798702485785, 0.119386775518141, 0.11503592162111027, 0.15527950244059194, 0.133749123962004, 0.11525487923912564
0.11202371294603104, 0.11987096888153932, 0.10785106464897591, 0.12045704882182823, 0.12291650770980476, 0.11407778554406116, 0.11590244795952458, 0.1127136581123772, 0.10485809574095133, 0.12708292285480613, 0.11846598316976846, 0.11643215921287957, 0.10726376359980294, 0.1074208489979448, 0.11422589031498914, 0.10871539922558807, 0.11447107951438838, 0.10757097856661214, 0.11641707598244164, 0.10965793645400532, 0.1202640350496062, 0.11983376498801755, 0.11602423983576626, 0.12022284960755597, 0.12111947558109044, 0.11327138753924469, 0.1253686190939827, 0.10692456210598082, 0.12044908553980829, 0.1144288566466695, 0.10639632741953027, 0.11873595781942088, 0.11316595036749418, 0.11213777464880822, 0.1208149989946851, 0.11080316753320481, 0.1219395743677075, 0.11687088112116682, 0.11458250107545077, 0.11858553292719794, 0.10620839982556493, 0.11286808890080374, 0.11684609216810746, 0.1226346978129451, 0.10867585779367765, 0.11910219296922575, 0.11912310224939648, 0.11090300974732722, 0.12365303120371325, 0.10515040308207474, 0.11260682382230629, 0.11665376388156104, 0.11745224622830425, 0.11133985295813593, 0.11858507005260113, 0.11671207662597095, 0.10584325745701953, 0.12239219034624234, 0.11288088772386477, 0.12008721201358512, 0.11313748186118702, 0.1109071515636435, 0.11154532331648764, 0.11690910915851754, 0.10992536019928559, 0.1167176308207343, 0.11498489322383666, 0.11577295881611183, 0.11571468359616004, 0.11255287898405372, 0.1279470961032527, 0.11698726380712257, 0.10862263113315039, 0.10591395979031161, 0.1256622343316524, 0.11130398907535524, 0.11492089258711508, 0.12226458917574018, 0.12728643018241337, 0.12164248512828194, 0.12123665667945586, 0.11891947068730112, 0.1008296992074747, 0.11194818622479692, 0.11875612377902708, 0.11545501750519252, 0.11298605928985385, 0.12072873290670762, 0.10976534146928352, 0.11715639653635981, 0.10738842093859408, 0.12084509122721769, 0.12458037781099629, 0.11687773849891364, 0.11404746802000662, 0.11526764216227231, 0.11162905678156874, 0.10605581339599861, 0.12159837679653049, 0.11970743660512602, 0.12324841195138082, 0.11359202497389256, 0.1222569655030607, 0.11409936040400448, 0.11429500927151448, 0.12479541012251565, 0.10975376492278703, 0.11042210434165121, 0.10678033354829648, 0.119642587524849, 0.1274639409920105, 0.11442488459977741, 0.10485797490871812, 0.11485601236153564, 0.12550680634371553, 0.12950527676928608, 0.11735107393510957, 0.11467197372312814, 0.12112674693694626, 0.11974534665575089, 0.12126191219179673, 0.11817253483506185, 0.12013225758431366, 0.11760702736695476, 0.1229628024908385, 0.12035104937723476, 0.11329091817765688, 0.11744910267385025
0.1128735260221141, 0.1211407394206911, 0.1148673335608232, 0.1173941474031833, 0.12214533084016421, 0.12650624836505675, 0.1274455797407852, 0.1259369477437462, 0.11533754846622796, 0.12528591511551657, 0.13092713848980883, 0.11154413969051781, 0.12819499227195355, 0.11584486025381813, 0.1139998557589946, 0.11599908225640938, 0.11974448618937023, 0.12618736106167217, 0.10995233922586299, 0.1260830925634025, 0.12422270540318332, 0.12660551873762055, 0.11785240475684139, 0.1220971347885825, 0.1140823368156588, 0.12761219172313887, 0.11990903588413664, 0.12001914119785376, 0.11901095663624, 0.11680239972194723, 0.11839231878167926, 0.1086512737794184, 0.11128181242268287, 0.128948070120509, 0.10719827458234456, 0.11845042702439885, 0.11455082695231394, 0.12479367837478164, 0.11821781584336946, 0.11654396295870144, 0.1150415408682587, 0.12143196631424841, 0.11562541152511024, 0.10723634371264108, 0.11290455071172924, 0.13368372869769582, 0.11536669429834272, 0.12371008881615213, 0.11697927967106955, 0.12325888048017869, 0.11699588505728273, 0.11690765018918302, 0.1255981134654543, 0.1314344987277362, 0.1275616552757355, 0.12288158343423226, 0.1254978486495039, 0.12018618168245686, 0.12443749569708513, 0.11924691209954708, 0.12233184072594758, 0.12152771768968194, 0.13180165629445204, 0.12318006519315981, 0.12015306593072118, 0.1121800635510372, 0.1217969254241068, 0.11548365571489448, 0.12227422536512614, 0.12354734886067564, 0.11675087955253662, 0.1182354867145498, 0.11725292345815587, 0.12083867085143371, 0.12305906840652886, 0.11660557715207225, 0.13401630461675318, 0.11128909736342821, 0.13046315463401256, 0.11988966606124947, 0.12723614620214269, 0.1116412874594242, 0.13233847678116173, 0.11868167795287293, 0.11902830699378932, 0.11786544287556806, 0.12909587337097658, 0.11584866992800331, 0.13593582150229513, 0.1263675261714903, 0.1217457952487086, 0.12772854536227116, 0.1210539087769893, 0.12178357637379561, 0.12118996959944893, 0.12077706669650641, 0.12947175160190225, 0.1234488693692432, 0.12314008865185094, 0.12118926242562741, 0.12092257311496721, 0.12363244473558088, 0.12630220796922456, 0.12338283357707287, 0.13029352183392462, 0.12642460914860873, 0.12199708676588258, 0.11697868937510153, 0.13780081838490643, 0.12320432660694602, 0.13369932041357568, 0.12808734211027023, 0.11952177520069206, 0.12649216272266833, 0.11785868756970198, 0.12163179656057309, 0.12229301259554176, 0.12386024912500843, 0.1238707610440911, 0.1258255384066607, 0.12821753556187582, 0.12414387743293365, 0.11922723457260971, 0.1256709427575395, 0.1298394135800402, 0.11905453912781784, 0.12003779350267861, 0.12118062089739653
